item_id,Brand_id,Volume,vendor_id,item_name 
1_HARDERSFIELD_58,58,750,1003,Jim Beam w/2 Rocks Glasses
1_HARDERSFIELD_62,62,750,1004,Jim Beam w/2 Rocks Glasses
1_HARDERSFIELD_63,63,750,1005,Jim Beam w/2 Rocks Glasses
1_HARDERSFIELD_72,72,750,1006,Jim Beam w/2 Rocks Glasses
1_HARDERSFIELD_75,75,750,1007,Maker's Mark Combo Pack
1_HARDERSFIELD_77,77,750,1008,Maker's Mark Combo Pack
1_HARDERSFIELD_79,79,750,1009,Maker's Mark Combo Pack
1_HARDERSFIELD_115,115,1000,1010,Maker's Mark Combo Pack
1_HARDERSFIELD_126,126,1000,1011,F Coppola Dmd Ivry Cab Svgn
1_HARDERSFIELD_159,168,750,1012,F Coppola Dmd Ivry Cab Svgn
1_HARDERSFIELD_171,171,1750,1013,F Coppola Dmd Ivry Cab Svgn
1_HARDERSFIELD_175,173,750,1014,F Coppola Dmd Ivry Cab Svgn
1_HARDERSFIELD_178,175,750,1015,F Coppola Dmd Ivry Cab Svgn
1_HARDERSFIELD_192,178,750,1016,F Coppola Dmd Ivry Cab Svgn
1_HARDERSFIELD_200,192,750,1017,F Coppola Dmd Ivry Cab Svgn
1_HARDERSFIELD_211,211,750,1018,F Coppola Dmd Ivry Cab Svgn
1_HARDERSFIELD_233,229,750,1019,F Coppola Dmd Ivry Cab Svgn
1_HARDERSFIELD_254,233,750,1020,Jim Beam Candy Cane 4/50mLs
1_HARDERSFIELD_261,247,750,1021,Terroirs du Rhone
1_HARDERSFIELD_271,254,1000,1022,Terroirs du Rhone
1_HARDERSFIELD_273,261,1000,1023,Terroirs du Rhone
1_HARDERSFIELD_284,273,1750,1024,Terroirs du Rhone
1_HARDERSFIELD_288,283,750,1025,Terroirs du Rhone
1_HARDERSFIELD_290,284,750,1026,Terroirs du Rhone
1_HARDERSFIELD_294,294,1000,1027,Terroirs du Rhone
1_HARDERSFIELD_305,305,1000,1258,Terroirs du Rhone
1_HARDERSFIELD_311,323,750,1029,Terroirs du Rhone
1_HARDERSFIELD_344,344,750,1030,Terroirs du Rhone
1_HARDERSFIELD_361,361,750,1031,Terroirs du Rhone
1_HARDERSFIELD_376,376,750,1032,Terroirs du Rhone
1_HARDERSFIELD_377,384,750,1033,Terroirs du Rhone
1_HARDERSFIELD_381,388,1000,1034,Rebel Yell Variety Pack
1_HARDERSFIELD_384,408,750,1035,Courvoisier VSOP VAP
1_HARDERSFIELD_388,415,1000,1036,Kahlua Pumpkin Spice Liqueur
1_HARDERSFIELD_408,419,1000,1037,Kahlua Pumpkin Spice Liqueur
1_HARDERSFIELD_415,425,750,1038,Drambuie Glass Pack
1_HARDERSFIELD_419,426,50,1039,Drambuie Glass Pack
1_HARDERSFIELD_425,435,750,1040,B & B Dom VAP
1_HARDERSFIELD_426,438,750,1041,St Brendans Peppermint Bark
1_HARDERSFIELD_435,443,750,1042,St Brendans Salted Caramel
1_HARDERSFIELD_438,450,750,1043,Layer Cake Malbec Mendoza
1_HARDERSFIELD_443,463,750,1044,Layer Cake Malbec Mendoza
1_HARDERSFIELD_450,482,1000,1045,Layer Cake Malbec Mendoza
1_HARDERSFIELD_463,485,1000,1046,Layer Cake Malbec Mendoza
1_HARDERSFIELD_482,497,1000,1047,Layer Cake Malbec Mendoza
1_HARDERSFIELD_485,508,1000,1048,Layer Cake Malbec Mendoza
1_HARDERSFIELD_497,513,750,1049,Layer Cake Malbec Mendoza
1_HARDERSFIELD_508,515,750,1050,Layer Cake Malbec Mendoza
1_HARDERSFIELD_513,525,750,1051,Layer Cake Malbec Mendoza
1_HARDERSFIELD_515,536,1000,1052,Layer Cake Primitivo Puglia
1_HARDERSFIELD_523,538,375,1053,Layer Cake Primitivo Puglia
1_HARDERSFIELD_525,539,1000,1054,Layer Cake Primitivo Puglia
1_HARDERSFIELD_533,543,750,1055,Layer Cake Primitivo Puglia
1_HARDERSFIELD_536,555,750,1056,Layer Cake Primitivo Puglia
1_HARDERSFIELD_538,567,1000,1057,Layer Cake Primitivo Puglia
1_HARDERSFIELD_539,592,750,1058,Layer Cake Primitivo Puglia
1_HARDERSFIELD_561,597,1000,1059,Layer Cake Primitivo Puglia
1_HARDERSFIELD_563,605,750,1060,Layer Cake Primitivo Puglia
1_HARDERSFIELD_567,607,750,1061,Layer Cake Primitivo Puglia
1_HARDERSFIELD_597,649,750,1062,Cannonball Cab Svgn Cal
1_HARDERSFIELD_605,653,750,1063,Cannonball Cab Svgn Cal
1_HARDERSFIELD_649,661,750,1064,Cannonball Cab Svgn Cal
1_HARDERSFIELD_652,664,750,1065,Cannonball Cab Svgn Cal
1_HARDERSFIELD_653,676,750,1066,Cannonball Cab Svgn Cal
1_HARDERSFIELD_659,680,750,1067,Cannonball Cab Svgn Cal
1_HARDERSFIELD_661,686,750,1068,Cannonball Cab Svgn Cal
1_HARDERSFIELD_664,693,1000,1069,Cannonball Cab Svgn Cal
1_HARDERSFIELD_669,742,1000,1070,Cannonball Cab Svgn Cal
1_HARDERSFIELD_676,743,750,1071,Hennessey VS +VSOP 50mL
1_HARDERSFIELD_680,753,750,1072,Beringer Classic Chard
1_HARDERSFIELD_686,757,750,1073,Beringer Classic Chard
1_HARDERSFIELD_693,758,1000,1074,Beringer Classic Chard
1_HARDERSFIELD_700,759,750,1075,Fort Ross Pnt Nr Sonoma Cst
1_HARDERSFIELD_715,779,1000,1076,Fort Ross Pnt Nr Sonoma Cst
1_HARDERSFIELD_728,780,1000,1077,Fort Ross Pnt Nr Sonoma Cst
1_HARDERSFIELD_742,782,750,1078,Fort Ross Pnt Nr Sonoma Cst
1_HARDERSFIELD_749,802,750,1079,Fort Ross Pnt Nr Sonoma Cst
1_HARDERSFIELD_753,807,1000,1080,Klinker Brick Old Vine Znfdl
1_HARDERSFIELD_757,809,1000,1081,Klinker Brick Old Vine Znfdl
1_HARDERSFIELD_759,810,750,1082,Klinker Brick Old Vine Znfdl
1_HARDERSFIELD_779,811,1000,1083,Klinker Brick Old Vine Znfdl
1_HARDERSFIELD_780,812,1000,1084,Klinker Brick Old Vine Znfdl
1_HARDERSFIELD_782,820,1000,1085,Klinker Brick Old Vine Znfdl
1_HARDERSFIELD_802,821,1000,1086,Klinker Brick Old Vine Znfdl
1_HARDERSFIELD_807,822,1000,1087,Klinker Brick Old Vine Znfdl
1_HARDERSFIELD_809,824,1000,1088,Klinker Brick Old Vine Znfdl
1_HARDERSFIELD_811,828,1000,1089,Klinker Brick Old Vine Znfdl
1_HARDERSFIELD_812,831,1000,1090,Fulton's Harvest Apple Pie L
1_HARDERSFIELD_821,836,1000,1091,Alamos Slcn Malbec Mendoza
1_HARDERSFIELD_822,838,1000,1092,Alamos Slcn Malbec Mendoza
1_HARDERSFIELD_824,854,1000,1093,Alamos Slcn Malbec Mendoza
1_HARDERSFIELD_828,856,750,1094,Alamos Slcn Malbec Mendoza
1_HARDERSFIELD_831,857,1000,1095,Alamos Slcn Malbec Mendoza
1_HARDERSFIELD_836,858,1000,1096,Avion Tasting Flight 3/375mL
1_HARDERSFIELD_838,859,1000,1097,Chivas Regal w/ 2 Glasses
1_HARDERSFIELD_854,870,1000,1098,Chivas Regal w/ 2 Glasses
1_HARDERSFIELD_856,876,1000,1099,Pinnacle Vodka Gift Pak
1_HARDERSFIELD_857,883,750,1100,Pinnacle Vodka Gift Pak
1_HARDERSFIELD_858,892,750,1101,Pinnacle Vodka Gift Pak
1_HARDERSFIELD_859,903,1000,1102,Jameson Trilogy Pack
1_HARDERSFIELD_870,934,750,1103,Jameson Trilogy Pack
1_HARDERSFIELD_876,942,750,1104,Jameson Trilogy Pack
1_HARDERSFIELD_883,950,750,1105,Jameson Trilogy Pack
1_HARDERSFIELD_892,966,750,1106,JP Wiser's Rye w/ 2 Glasses
1_HARDERSFIELD_903,970,750,1107,Three Olives Vodka w/Flask
1_HARDERSFIELD_921,971,1000,1108,Three Olives Vodka w/Flask
1_HARDERSFIELD_934,973,750,1109,Three Olives Vodka w/Flask
1_HARDERSFIELD_938,984,750,1110,Barefoot Moscato Cal
1_HARDERSFIELD_942,993,750,1111,Barefoot Moscato Cal
1_HARDERSFIELD_950,999,750,1112,Barefoot Moscato Cal
1_HARDERSFIELD_966,1094,750,1113,Barefoot Moscato Cal
1_HARDERSFIELD_971,1099,750,1114,Barefoot Moscato Cal
1_HARDERSFIELD_984,1106,750,1115,Barefoot Moscato Cal
1_HARDERSFIELD_1001,1133,100,1116,Barefoot Moscato Cal
1_HARDERSFIELD_1003,1135,750,1117,Barefoot Moscato Cal
1_HARDERSFIELD_1028,1136,50,1118,Barefoot Moscato Cal
1_HARDERSFIELD_1033,1174,1750,1119,Barefoot Moscato Cal
1_HARDERSFIELD_1036,1178,750,1120,Barefoot Moscato Cal
1_HARDERSFIELD_1038,1180,1750,1121,Barefoot Moscato Cal
1_HARDERSFIELD_1060,1186,750,1122,Barefoot Moscato Cal
1_HARDERSFIELD_1065,1202,750,1123,Barefoot Moscato Cal
1_HARDERSFIELD_1070,1212,750,1124,Barefoot Moscato Cal
1_HARDERSFIELD_1071,1220,750,1125,Barefoot Moscato Cal
1_HARDERSFIELD_1074,1226,750,1126,Barefoot Moscato Cal
1_HARDERSFIELD_1076,1228,750,1127,Barefoot Moscato Cal
1_HARDERSFIELD_1081,1231,375,1259,Barefoot Moscato Cal
1_HARDERSFIELD_1086,1232,750,1129,Charles Smith Boom Boom Syra
1_HARDERSFIELD_1093,1233,1750,1130,Charles Smith Boom Boom Syra
1_HARDERSFIELD_1094,1237,750,1131,Charles Smith Boom Boom Syra
1_HARDERSFIELD_1095,1238,50,1132,Charles Smith Kung Fu Girl R
1_HARDERSFIELD_1106,1239,750,1133,Charles Smith Kung Fu Girl R
1_HARDERSFIELD_1125,1242,750,1134,Line 39 Cab Svgn Lake Cnty
1_HARDERSFIELD_1127,1244,750,1135,Line 39 Cab Svgn Lake Cnty
1_HARDERSFIELD_1130,1252,750,1136,Line 39 Cab Svgn Lake Cnty
1_HARDERSFIELD_1132,1258,750,1137,Line 39 Cab Svgn Lake Cnty
1_HARDERSFIELD_1133,1269,750,1138,Line 39 Cab Svgn Lake Cnty
1_HARDERSFIELD_1135,1271,750,1139,Line 39 Cab Svgn Lake Cnty
1_HARDERSFIELD_1136,1273,1750,1140,Line 39 Cab Svgn Lake Cnty
1_HARDERSFIELD_1148,1274,750,1141,Line 39 Cab Svgn Lake Cnty
1_HARDERSFIELD_1149,1278,1750,1142,Line 39 Cab Svgn Lake Cnty
1_HARDERSFIELD_1150,1281,1750,1143,Line 39 Cab Svgn Lake Cnty
1_HARDERSFIELD_1152,1282,750,1144,Line 39 Svgn Bl Lake County
1_HARDERSFIELD_1157,1295,100,1145,Line 39 Svgn Bl Lake County
1_HARDERSFIELD_1162,1296,750,1146,Line 39 Svgn Bl Lake County
1_HARDERSFIELD_1163,1304,750,1147,Line 39 Svgn Bl Lake County
1_HARDERSFIELD_1174,1309,750,1148,Line 39 Svgn Bl Lake County
1_HARDERSFIELD_1178,1323,1750,1149,Line 39 Svgn Bl Lake County
1_HARDERSFIELD_1180,1328,750,1150,Line 39 Svgn Bl Lake County
1_HARDERSFIELD_1186,1340,750,1151,Line 39 Svgn Bl Lake County
1_HARDERSFIELD_1188,1343,1000,1152,Line 39 Svgn Bl Lake County
1_HARDERSFIELD_1189,1345,750,1153,Easton Svgn Bl Sierra Foothl
1_HARDERSFIELD_1220,1346,750,1154,Clos du Bois Pnt Nr Cal
1_HARDERSFIELD_1226,1347,750,1155,Clos du Bois Pnt Nr Cal
1_HARDERSFIELD_1228,1348,375,1156,Clos du Bois Pnt Nr Cal
1_HARDERSFIELD_1231,1352,750,1157,Clos du Bois Pnt Nr Cal
1_HARDERSFIELD_1232,1355,50,1158,Clos du Bois Pnt Nr Cal
1_HARDERSFIELD_1233,1358,1750,1159,Clos du Bois Pnt Nr Cal
1_HARDERSFIELD_1237,1359,750,1160,Clos du Bois Pnt Nr Cal
1_HARDERSFIELD_1238,1361,750,1161,Woodford Reserve MC 1838
1_HARDERSFIELD_1239,1364,750,1162,Woodford Reserve MC 1838
1_HARDERSFIELD_1240,1365,50,1163,High Note Malbec Mendoza
1_HARDERSFIELD_1244,1366,50,1164,Almaden Mt Rhine Calif B/B
1_HARDERSFIELD_1249,1373,750,1165,Almaden Mt Rhine Calif B/B
1_HARDERSFIELD_1258,1375,750,1166,Almaden Mt Rhine Calif B/B
1_HARDERSFIELD_1269,1376,1750,1167,Almaden Mt Rhine Calif B/B
1_HARDERSFIELD_1271,1378,375,1168,Almaden Mt Rhine Calif B/B
1_HARDERSFIELD_1273,1379,750,1169,Jack Daniels Bruins Glass Pk
1_HARDERSFIELD_1274,1380,1750,1170,Jack Daniels Bruins Glass Pk
1_HARDERSFIELD_1278,1382,750,1171,Jack Daniels Bruins Glass Pk
1_HARDERSFIELD_1281,1384,750,1172,Jack Daniels Bruins Glass Pk
1_HARDERSFIELD_1282,1385,750,1173,Jack Daniels Bruins Glass Pk
1_HARDERSFIELD_1295,1386,750,1174,Jack Daniels Bruins Glass Pk
1_HARDERSFIELD_1297,1388,1750,1175,Parducci Petite Sirah
1_HARDERSFIELD_1323,1389,50,1176,Parducci Petite Sirah
1_HARDERSFIELD_1330,1392,750,1177,Parducci Petite Sirah
1_HARDERSFIELD_1336,1393,200,1178,Parducci Petite Sirah
1_HARDERSFIELD_1342,1394,375,1179,Parducci Petite Sirah
1_HARDERSFIELD_1343,1395,750,1180,Parducci Petite Sirah
1_HARDERSFIELD_1345,1396,1750,1181,Parducci Petite Sirah
1_HARDERSFIELD_1346,1397,750,1182,Parducci Petite Sirah
1_HARDERSFIELD_1347,1398,750,1183,Parducci Petite Sirah
1_HARDERSFIELD_1348,1399,750,1184,Oyster Bay Chard Marlboro
1_HARDERSFIELD_1355,1404,750,1185,Oyster Bay Chard Marlboro
1_HARDERSFIELD_1358,1415,750,1186,Oyster Bay Chard Marlboro
1_HARDERSFIELD_1359,1416,1750,1187,Oyster Bay Chard Marlboro
1_HARDERSFIELD_1365,1424,375,1188,Oyster Bay Chard Marlboro
1_HARDERSFIELD_1366,1425,750,1189,Christian Bros Holiday Nog
1_HARDERSFIELD_1373,1464,750,1190,Christian Bros Holiday Nog
1_HARDERSFIELD_1375,1465,375,1191,MezzaCorona Pnt Nr
1_HARDERSFIELD_1376,1468,750,1192,MezzaCorona Pnt Nr
1_HARDERSFIELD_1377,1476,1750,1193,MezzaCorona Pnt Nr
1_HARDERSFIELD_1378,1479,1750,1194,MezzaCorona Pnt Nr
1_HARDERSFIELD_1379,1535,50,1195,MezzaCorona Pnt Nr
1_HARDERSFIELD_1380,1542,750,1196,MezzaCorona Pnt Nr
1_HARDERSFIELD_1382,1545,750,1197,MezzaCorona Pnt Nr
1_HARDERSFIELD_1384,1595,375,1198,MezzaCorona Pnt Nr
1_HARDERSFIELD_1385,1623,375,1199,MezzaCorona Pnt Nr
1_HARDERSFIELD_1386,1634,1750,1200,MezzaCorona Pnt Nr
1_HARDERSFIELD_1388,1637,1750,1201,MezzaCorona Pnt Nr
1_HARDERSFIELD_1389,1639,750,1202,MezzaCorona Pnt Nr
1_HARDERSFIELD_1394,1657,750,1203,Jack Daniels Honey + Glass
1_HARDERSFIELD_1395,1692,750,1204,Jack Daniels Honey + Glass
1_HARDERSFIELD_1396,1715,750,1205,DiSaronno Cavalli Collection
1_HARDERSFIELD_1397,1725,750,1206,DiSaronno Cavalli Collection
1_HARDERSFIELD_1398,1728,750,1207,W Hill RSV Cab Svgn
1_HARDERSFIELD_1415,1734,1750,1208,W Hill RSV Cab Svgn
1_HARDERSFIELD_1424,1737,1750,1209,W Hill RSV Cab Svgn
1_HARDERSFIELD_1425,1738,750,1210,W Hill RSV Cab Svgn
1_HARDERSFIELD_1464,1740,750,1211,Segura Viudas Brut RSV
1_HARDERSFIELD_1465,1744,750,1212,Segura Viudas Brut RSV
1_HARDERSFIELD_1468,1746,750,1213,Segura Viudas Brut RSV
1_HARDERSFIELD_1479,1748,750,1214,R M Woodbridge Chard
1_HARDERSFIELD_1484,1758,750,1215,R M Woodbridge Chard
1_HARDERSFIELD_1515,1760,1750,1216,R M Woodbridge Chard
1_HARDERSFIELD_1520,1767,750,1217,R M Woodbridge Chard
1_HARDERSFIELD_1535,1770,1750,1218,Starborough Svgn Bl Marlboro
1_HARDERSFIELD_1545,1771,50,1219,Starborough Svgn Bl Marlboro
1_HARDERSFIELD_1595,1781,750,1220,Starborough Svgn Bl Marlboro
1_HARDERSFIELD_1623,1789,750,1221,Starborough Svgn Bl Marlboro
1_HARDERSFIELD_1634,1790,750,1222,Starborough Svgn Bl Marlboro
1_HARDERSFIELD_1637,1817,750,1223,Starborough Svgn Bl Marlboro
1_HARDERSFIELD_1639,1835,750,1224,Starborough Svgn Bl Marlboro
1_HARDERSFIELD_1648,1836,750,1225,Starborough Svgn Bl Marlboro
1_HARDERSFIELD_1655,1845,1750,1226,Starborough Svgn Bl Marlboro
1_HARDERSFIELD_1663,1848,750,1227,Starborough Svgn Bl Marlboro
1_HARDERSFIELD_1692,1860,750,1228,Starborough Svgn Bl Marlboro
1_HARDERSFIELD_1698,1862,750,1229,Starborough Svgn Bl Marlboro
1_HARDERSFIELD_1714,1867,50,1230,Starborough Svgn Bl Marlboro
1_HARDERSFIELD_1715,1868,750,1231,Starborough Svgn Bl Marlboro
1_HARDERSFIELD_1725,1869,750,1232,Starborough Svgn Bl Marlboro
1_HARDERSFIELD_1727,1870,750,1233,Gattinara Travaglini
1_HARDERSFIELD_1728,1874,750,1234,Gattinara Travaglini
1_HARDERSFIELD_1730,1875,750,1235,Gattinara Travaglini
1_HARDERSFIELD_1734,1876,750,1236,Gattinara Travaglini
1_HARDERSFIELD_1737,1880,750,1237,Cantine Maschio Prosecco Brt
1_HARDERSFIELD_1738,1883,1750,1238,Cantine Maschio Prosecco Brt
1_HARDERSFIELD_1740,1886,750,1239,Cantine Maschio Prosecco Brt
1_HARDERSFIELD_1744,1892,50,1240,Cantine Maschio Prosecco Brt
1_HARDERSFIELD_1746,1893,750,1241,Cantine Maschio Prosecco Brt
1_HARDERSFIELD_1748,1896,750,1242,Cantine Maschio Prosecco Brt
1_HARDERSFIELD_1758,1920,750,1243,Schmitt Sohne Relax Mosel
1_HARDERSFIELD_1760,1921,1750,1244,Barefoot Sparklng Pnt Grigio
1_HARDERSFIELD_1767,1955,375,1245,Barefoot Sparklng Pnt Grigio
1_HARDERSFIELD_1770,1956,750,1246,Barefoot Sparklng Pnt Grigio
1_HARDERSFIELD_1771,1961,1750,1247,Barefoot Sparklng Pnt Grigio
1_HARDERSFIELD_1781,1964,750,1248,Four Roses Single Barrel Brb
1_HARDERSFIELD_1789,1974,750,1249,Seaglass Svgn Bl Snt Barbara
1_HARDERSFIELD_1798,1987,375,1250,Seaglass Svgn Bl Snt Barbara
1_HARDERSFIELD_1801,1997,750,1251,Seaglass Svgn Bl Snt Barbara
