VendorNumber,VendorName,vendor_id,Volume
8320,SHAW ROSS INT L IMP LTD    ,1003,750
8321,BROWN-FORMAN CORP          ,1004,750
8322,BROWN-FORMAN CORP          ,1005,750
8323,ULTRA BEVERAGE COMPANY LLP ,1006,750
8324,PROXIMO SPIRITS INC.       ,1007,750
8325,PROXIMO SPIRITS INC.       ,1008,750
8326,PROXIMO SPIRITS INC.       ,1009,750
8327,MOET HENNESSY USA INC      ,1010,1000
8328,BACARDI USA INC            ,1011,1000
8329,PROXIMO SPIRITS INC.       ,1012,750
8330,BROWN-FORMAN CORP          ,1013,1750
8331,JIM BEAM BRANDS COMPANY    ,1014,750
8332,PROXIMO SPIRITS INC.       ,1015,750
8333,CAMPARI AMERICA            ,1016,750
8334,WILLIAM GRANT & SONS INC   ,1017,750
8335,MARTIGNETTI COMPANIES,1018,750
8336,JIM BEAM BRANDS COMPANY    ,1019,750
8337,WILLIAM GRANT & SONS INC   ,1020,750
8338,ULTRA BEVERAGE COMPANY LLP ,1021,750
8339,JIM BEAM BRANDS COMPANY    ,1022,1000
8340,CONSTELLATION BRANDS INC   ,1023,1000
8341,JIM BEAM BRANDS COMPANY    ,1024,1750
8342,WILLIAM GRANT & SONS INC   ,1025,750
8343,WILLIAM GRANT & SONS INC   ,1026,750
8344,M S WALKER INC             ,1027,1000
8345,DIAGEO NORTH AMERICA INC   ,1258,1000
8346,MCCORMICK DISTILLING CO    ,1029,750
8347,ULTRA BEVERAGE COMPANY LLP ,1030,750
8348,JIM BEAM BRANDS COMPANY    ,1031,750
8349,CAMPARI AMERICA            ,1032,750
8350,MOET HENNESSY USA INC      ,1033,750
8351,DIAGEO NORTH AMERICA INC   ,1034,1000
8352,CAMPARI AMERICA            ,1035,750
8353,PROXIMO SPIRITS INC.       ,1036,1000
8354,PERNOD RICARD USA          ,1037,1000
8355,MOET HENNESSY USA INC      ,1038,750
8356,ULTRA BEVERAGE COMPANY LLP ,1039,50
8357,PINE STATE TRADING CO      ,1040,750
8358,MARTIGNETTI COMPANIES,1041,750
8359,BACARDI USA INC            ,1042,750
8360,MARTIGNETTI COMPANIES,1043,750
8361,STATE WINE & SPIRITS   ,1044,750
8362,PERNOD RICARD USA          ,1045,1000
8363,DIAGEO NORTH AMERICA INC   ,1046,1000
8364,DIAGEO NORTH AMERICA INC   ,1047,1000
8365,BACARDI USA INC            ,1048,1000
8366,ULTRA BEVERAGE COMPANY LLP ,1049,750
8367,ULTRA BEVERAGE COMPANY LLP ,1050,750
8368,JIM BEAM BRANDS COMPANY    ,1051,750
8369,CONSTELLATION BRANDS INC   ,1052,1000
8370,DISARONNO INTERNATIONAL LLC,1053,375
8371,SAZERAC CO INC             ,1054,1000
8372,M S WALKER INC             ,1055,750
8373,WILLIAM GRANT & SONS INC   ,1056,750
8374,DIAGEO NORTH AMERICA INC   ,1057,1000
8375,PERNOD RICARD USA          ,1058,750
8376,DIAGEO NORTH AMERICA INC   ,1059,1000
8377,PERFECTA WINES             ,1060,750
8378,M S WALKER INC             ,1061,750
8379,JIM BEAM BRANDS COMPANY    ,1062,750
8380,HEAVEN HILL DISTILLERIES   ,1063,750
8381,JIM BEAM BRANDS COMPANY    ,1064,750
8382,MOET HENNESSY USA INC      ,1065,750
8383,JIM BEAM BRANDS COMPANY    ,1066,750
8384,ULTRA BEVERAGE COMPANY LLP ,1067,750
8385,ULTRA BEVERAGE COMPANY LLP ,1068,750
8386,CONSTELLATION BRANDS INC   ,1069,1000
8387,JIM BEAM BRANDS COMPANY    ,1070,1000
8388,BACARDI USA INC            ,1071,750
8389,LABELLE VYDS AND WINERY    ,1072,750
8390,JIM BEAM BRANDS COMPANY    ,1073,750
8391,REMY COINTREAU USA INC     ,1074,1000
8392,ULTRA BEVERAGE COMPANY LLP ,1075,750
8393,CONSTELLATION BRANDS INC   ,1076,1000
8394,CONSTELLATION BRANDS INC   ,1077,1000
8395,REMY COINTREAU USA INC     ,1078,750
8396,BACARDI USA INC            ,1079,750
8397,JIM BEAM BRANDS COMPANY    ,1080,1000
8398,BROWN-FORMAN CORP          ,1081,1000
8399,BACARDI USA INC            ,1082,750
8400,BROWN-FORMAN CORP          ,1083,1000
8401,SIDNEY FRANK IMPORTING CO  ,1084,1000
8402,MOET HENNESSY USA INC      ,1085,1000
8403,MOET HENNESSY USA INC      ,1086,1000
8404,DIAGEO NORTH AMERICA INC   ,1087,1000
8405,BACARDI USA INC            ,1088,1000
8406,MHW LTD                    ,1089,1000
8407,MHW LTD                    ,1090,1000
8408,MHW LTD                    ,1091,1000
8409,MHW LTD                    ,1092,1000
8410,DIAGEO NORTH AMERICA INC   ,1093,1000
8411,ULTRA BEVERAGE COMPANY LLP ,1094,750
8412,PERNOD RICARD USA          ,1095,1000
8413,JIM BEAM BRANDS COMPANY    ,1096,1000
8414,PERNOD RICARD USA          ,1097,1000
8415,ULTRA BEVERAGE COMPANY LLP ,1098,1000
8416,JIM BEAM BRANDS COMPANY    ,1099,1000
8417,ULTRA BEVERAGE COMPANY LLP ,1100,750
8418,STATE WINE & SPIRITS   ,1101,750
8419,BACARDI USA INC            ,1102,1000
8420,ULTRA BEVERAGE COMPANY LLP ,1103,750
8421,MOET HENNESSY USA INC      ,1104,750
8422,STATE WINE & SPIRITS   ,1105,750
8423,ULTRA BEVERAGE COMPANY LLP ,1106,750
8424,PHILLIPS PRODUCTS CO.      ,1107,750
8425,JIM BEAM BRANDS COMPANY    ,1108,1000
8426,BACARDI USA INC            ,1109,750
8427,ULTRA BEVERAGE COMPANY LLP ,1110,750
8428,PROXIMO SPIRITS INC.       ,1111,750
8429,PERNOD RICARD USA          ,1112,750
8430,M S WALKER INC             ,1113,750
8431,BACARDI USA INC            ,1114,750
8432,BACARDI USA INC            ,1115,750
8433,MOET HENNESSY USA INC      ,1116,100
8434,LUXCO INC                  ,1117,750
8435,PERNOD RICARD USA          ,1118,50
8436,LUXCO INC                  ,1119,1750
8437,HEAVEN HILL DISTILLERIES   ,1120,750
8438,HEAVEN HILL DISTILLERIES   ,1121,1750
8439,HEAVEN HILL DISTILLERIES   ,1122,750
8440,MOET HENNESSY USA INC      ,1123,750
8441,DISARONNO INTERNATIONAL LLC,1124,750
8442,BROWN-FORMAN CORP          ,1125,750
8443,WESTERN SPIRITS BEVERAGE CO,1126,750
8444,WILLIAM GRANT & SONS INC   ,1127,750
8445,BROWN-FORMAN CORP          ,1259,375
8446,BROWN-FORMAN CORP          ,1129,750
8447,BROWN-FORMAN CORP          ,1130,1750
8448,BROWN-FORMAN CORP          ,1131,750
8449,PERNOD RICARD USA          ,1132,50
8450,JIM BEAM BRANDS COMPANY    ,1133,750
8451,DIAGEO NORTH AMERICA INC   ,1134,750
8452,BROWN-FORMAN CORP          ,1135,750
8453,JIM BEAM BRANDS COMPANY    ,1136,750
8454,JIM BEAM BRANDS COMPANY    ,1137,750
8455,CASTLE BRANDS CORP.        ,1138,750
8456,CASTLE BRANDS CORP.        ,1139,750
8457,JIM BEAM BRANDS COMPANY    ,1140,1750
8458,ULTRA BEVERAGE COMPANY LLP ,1141,750
8459,JIM BEAM BRANDS COMPANY    ,1142,1750
8460,SAZERAC CO INC             ,1143,1750
8461,SAZERAC NORTH AMERICA INC. ,1144,750
8462,BROWN-FORMAN CORP          ,1145,100
8463,MARTIGNETTI COMPANIES,1146,750
8464,DIAGEO NORTH AMERICA INC   ,1147,750
8465,JIM BEAM BRANDS COMPANY    ,1148,750
8466,BROWN-FORMAN CORP          ,1149,1750
8467,OLE SMOKY DISTILLERY LLC   ,1150,750
8468,JIM BEAM BRANDS COMPANY    ,1151,750
8469,BROWN-FORMAN CORP          ,1152,1000
8470,JIM BEAM BRANDS COMPANY    ,1153,750
8471,JIM BEAM BRANDS COMPANY    ,1154,750
8472,JIM BEAM BRANDS COMPANY    ,1155,750
8473,JIM BEAM BRANDS COMPANY    ,1156,375
8474,ULTRA BEVERAGE COMPANY LLP ,1157,750
8475,JIM BEAM BRANDS COMPANY    ,1158,50
8476,JIM BEAM BRANDS COMPANY    ,1159,1750
8477,JIM BEAM BRANDS COMPANY    ,1160,750
8478,ULTRA BEVERAGE COMPANY LLP ,1161,750
8479,MHW LTD                    ,1162,750
8480,"STOLI GROUP,(USA) LLC      ",1163,50
8481,JIM BEAM BRANDS COMPANY    ,1164,50
8482,JIM BEAM BRANDS COMPANY    ,1165,750
8483,JIM BEAM BRANDS COMPANY    ,1166,750
8484,JIM BEAM BRANDS COMPANY    ,1167,1750
8485,JIM BEAM BRANDS COMPANY    ,1168,375
8486,JIM BEAM BRANDS COMPANY    ,1169,750
8487,DIAGEO NORTH AMERICA INC   ,1170,1750
8488,JIM BEAM BRANDS COMPANY    ,1171,750
8489,DIAGEO NORTH AMERICA INC   ,1172,750
8490,JIM BEAM BRANDS COMPANY    ,1173,750
8491,DIAGEO NORTH AMERICA INC   ,1174,750
8492,JIM BEAM BRANDS COMPANY    ,1175,1750
8493,JIM BEAM BRANDS COMPANY    ,1176,50
8494,JIM BEAM BRANDS COMPANY    ,1177,750
8495,JIM BEAM BRANDS COMPANY    ,1178,200
8496,JIM BEAM BRANDS COMPANY    ,1179,375
8497,JIM BEAM BRANDS COMPANY    ,1180,750
8498,JIM BEAM BRANDS COMPANY    ,1181,1750
8499,JIM BEAM BRANDS COMPANY    ,1182,750
8500,SAZERAC CO INC             ,1183,750
8501,JIM BEAM BRANDS COMPANY    ,1184,750
8502,BROWN-FORMAN CORP          ,1185,750
8503,JIM BEAM BRANDS COMPANY    ,1186,750
8504,JIM BEAM BRANDS COMPANY    ,1187,1750
8505,DIAGEO NORTH AMERICA INC   ,1188,375
8506,SMOKY QUARTZ DISTILLERY LLC,1189,750
8507,PROXIMO SPIRITS INC.       ,1190,750
8508,BROWN-FORMAN CORP          ,1191,375
8509,JIM BEAM BRANDS COMPANY    ,1192,750
8510,JIM BEAM BRANDS COMPANY    ,1193,1750
8511,SAZERAC NORTH AMERICA INC. ,1194,1750
8512,BROWN-FORMAN CORP          ,1195,50
8513,VINEDREA WINES LLC         ,1196,750
8514,BROWN-FORMAN CORP          ,1197,750
8515,BROWN-FORMAN CORP          ,1198,375
8516,DIAGEO NORTH AMERICA INC   ,1199,375
8517,EDRINGTON AMERICAS         ,1200,1750
8518,SAZERAC NORTH AMERICA INC. ,1201,1750
8519,EDRINGTON AMERICAS         ,1202,750
8520,DIAGEO NORTH AMERICA INC   ,1203,750
8521,LUXCO INC                  ,1204,750
8522,OLE SMOKY DISTILLERY LLC   ,1205,750
8523,OLE SMOKY DISTILLERY LLC   ,1206,750
8524,PERNOD RICARD USA          ,1207,750
8525,DUGGANS DISTILLED PRODUCTS ,1208,1750
8526,JIM BEAM BRANDS COMPANY    ,1209,1750
8527,OLE SMOKY DISTILLERY LLC   ,1210,750
8528,DIAGEO NORTH AMERICA INC   ,1211,750
8529,BROWN-FORMAN CORP          ,1212,750
8530,PHILLIPS PRODUCTS CO.      ,1213,750
8531,WILLIAM GRANT & SONS INC   ,1214,750
8532,PERNOD RICARD USA          ,1215,750
8533,WILLIAM GRANT & SONS INC   ,1216,1750
8534,SAZERAC CO INC             ,1217,750
8535,BROWN-FORMAN CORP          ,1218,1750
8536,BROWN-FORMAN CORP          ,1219,50
8537,CAMPARI AMERICA            ,1220,750
8538,BROWN-FORMAN CORP          ,1221,750
8539,ULTRA BEVERAGE COMPANY LLP ,1222,750
8540,PALM BAY INTERNATIONAL INC ,1223,750
8541,CASTLE BRANDS CORP.        ,1224,750
8542,JIM BEAM BRANDS COMPANY    ,1225,750
8543,E & J GALLO WINERY         ,1226,1750
8544,DIAGEO NORTH AMERICA INC   ,1227,750
8545,REMY COINTREAU USA INC     ,1228,750
8546,PERNOD RICARD USA          ,1229,750
8547,BROWN-FORMAN CORP          ,1230,50
8548,DIAGEO NORTH AMERICA INC   ,1231,750
8549,DIAGEO NORTH AMERICA INC   ,1232,750
8550,DIAGEO NORTH AMERICA INC   ,1233,750
8551,REMY COINTREAU USA INC     ,1234,750
8552,PROXIMO SPIRITS INC.       ,1235,750
8553,PERNOD RICARD USA          ,1236,750
8554,PERNOD RICARD USA          ,1237,750
8555,DIAGEO NORTH AMERICA INC   ,1238,1750
8556,DIAGEO NORTH AMERICA INC   ,1239,750
8557,DIAGEO NORTH AMERICA INC   ,1240,50
8558,REMY COINTREAU USA INC     ,1241,750
8559,PERNOD RICARD USA          ,1242,750
8560,SAZERAC CO INC             ,1243,750
8561,WILLIAM GRANT & SONS INC   ,1244,1750
8562,BROWN-FORMAN CORP          ,1245,375
8563,WILLIAM GRANT & SONS INC   ,1246,750
8564,LUXCO INC                  ,1247,1750
8565,JIM BEAM BRANDS COMPANY    ,1248,750
8566,ULTRA BEVERAGE COMPANY LLP ,1249,750
8567,FLAG HILL WINERY & VINEYARD,1250,375
8568,MARTIGNETTI COMPANIES,1251,750
